model_id,model_code,model_name,model_full_name
16542,1010D,1010D - FORWARDER,"1010D Forwarder (S.N. 004001- ), Tier 3, Engine 4045HTJ85 - PC9496"
17304,4045HTJ85,4045HTJ85 - FORWARDER,"1010D Forwarder (S.N. 004001- ), Tier 3, Engine 4045HTJ85 - PC9496"
16541,1010D,1010D - FORWARDER,1010D Forwarder (S.N. 3501-4000) - PC9245
16575,1110D,1110D - FORWARDER,"1110D Forwarder (S.N. 002301- ), Tier 3, Engine 6068HTJ85 - PC9497"
18017,6068HTJ85,6068HTJ85 - FORWARDER,"1110D Forwarder (S.N. 002301- ), Tier 3, Engine 6068HTJ85 - PC9497"
16574,1110D,1110D - FORWARDER,1110D Forwarder (s.n. 1121 - 2036) Worldwide Edition (Timberjack) - PC9263
17167,4045HDW60,"4045HDW60 - LOADER, FOUR-WHEEL DRIVE","444 P-tier, Gen-A 4WD Loader (PIN: 1DW444PA_ _L_10283-18489) - PC15397"
17440,444 P,"444 P - LOADER, FOUR-WHEEL DRIVE","444 P-tier, Gen-A 4WD Loader (PIN: 1DW444PA_ _L_10283-18489) - PC15397"
17168,4045HDW60,"4045HDW60 - LOADER, FOUR-WHEEL DRIVE","444 P-tier, Gen-A 4WD Loader (PIN: 1DW444PA_ _L_18490- ) - PC15490"
17441,444 P,"444 P - LOADER, FOUR-WHEEL DRIVE","444 P-tier, Gen-A 4WD Loader (PIN: 1DW444PA_ _L_18490- ) - PC15490"
17161,4045HDW54,"4045HDW54 - LOADER, FOUR-WHEEL DRIVE",444K Loader (PIN: 1DW444K_ _ _D670308-705033)(Engine 4045HDW54) - PC11365
17456,444K,"444K - LOADER, FOUR-WHEEL DRIVE",444K Loader (PIN: 1DW444K_ _ _D670308-705033)(Engine 4045HDW54) - PC11365
17164,4045HDW57,"4045HDW57 - LOADER, FOUR-WHEEL DRIVE",444K Loader (PIN: 1DW444K_ _ _F670308-705033)(Engine 4045HDW57) - PC11364
17455,444K,"444K - LOADER, FOUR-WHEEL DRIVE",444K Loader (PIN: 1DW444K_ _ _F670308-705033)(Engine 4045HDW57) - PC11364
17166,4045HDW60,"4045HDW60 - LOADER, FOUR-WHEEL DRIVE",444L Loader (PIN: 1DW444L_ _ _L705208-710224) - PC15310
17457,444L,"444L - LOADER, FOUR-WHEEL DRIVE",444L Loader (PIN: 1DW444L_ _ _L705208-710224) - PC15310
17576,524 P,"524 P - LOADER, FOUR-WHEEL DRIVE",524 P 4WD Loader (PIN: 1DW524PA_ _L_18490-25721) - PC15491
17715,6068DW501,"6068DW501 - LOADER, FOUR-WHEEL DRIVE",524 P 4WD Loader (PIN: 1DW524PA_ _L_18490-25721) - PC15491
17575,524 P,"524 P - LOADER, FOUR-WHEEL DRIVE","524 P-tier, Gen-A 4WD Loader (PIN: 1DW524PA_ _L_10283-18489) - PC15398"
17713,6068DW501,"6068DW501 - LOADER, FOUR-WHEEL DRIVE","524 P-tier, Gen-A 4WD Loader (PIN: 1DW524PA_ _L_10283-18489) - PC15398"
17584,524K,"524K - LOADER, FOUR-WHEEL DRIVE",524K Loader (PIN: 1DW524K_ _ _F670308-677548) Engine 6068HDW92 - PC11366
17833,6068HDW92,"6068HDW92 - LOADER, FOUR-WHEEL DRIVE",524K Loader (PIN: 1DW524K_ _ _F670308-677548) Engine 6068HDW92 - PC11366
17578,524K-II,"524K-II - LOADER, FOUR-WHEEL DRIVE",524K-II Loader (PIN: 1DW524K_ _ _D677549-909519) Engine 6068HDW74 - PC15090
17772,6068HDW74,"6068HDW74 - LOADER, FOUR-WHEEL DRIVE",524K-II Loader (PIN: 1DW524K_ _ _D677549-909519) Engine 6068HDW74 - PC15090
17577,524K-II,"524K-II - LOADER, FOUR-WHEEL DRIVE",524K-II Loader (PIN: 1DW524K_ _ _F677549-909519) Engine 6068DW401 - PC15081
17706,6068DW401,"6068DW401 - LOADER, FOUR-WHEEL DRIVE",524K-II Loader (PIN: 1DW524K_ _ _F677549-909519) Engine 6068DW401 - PC15081
17586,524L,"524L - LOADER, FOUR-WHEEL DRIVE",524L Loader (PIN: 1DW524L_ _ _F693054-710429) - PC15258
17711,6068DW501,"6068DW501 - LOADER, FOUR-WHEEL DRIVE",524L Loader (PIN: 1DW524L_ _ _F693054-710429) - PC15258
17605,544 P,"544 P - LOADER, FOUR-WHEEL DRIVE",544 P 4WD Loader (PIN: 1DW544PA_ _L_18490-25721) - PC15492
17716,6068DW501,"6068DW501 - LOADER, FOUR-WHEEL DRIVE",544 P 4WD Loader (PIN: 1DW544PA_ _L_18490-25721) - PC15492
17604,544 P,"544 P - LOADER, FOUR-WHEEL DRIVE","544 P-tier, Gen-A 4WD Loader (PIN: 1DW544PA_ _L_10283-18489) - PC15399"
17714,6068DW501,"6068DW501 - LOADER, FOUR-WHEEL DRIVE","544 P-tier, Gen-A 4WD Loader (PIN: 1DW544PA_ _L_10283-18489) - PC15399"
17625,544K,"544K - LOADER, FOUR-WHEEL DRIVE",544K Loader (PIN: 1DW544K_ _ _F670308-677548) Engine 6068HDW92 - PC11368
17834,6068HDW92,"6068HDW92 - LOADER, FOUR-WHEEL DRIVE",544K Loader (PIN: 1DW544K_ _ _F670308-677548) Engine 6068HDW92 - PC11368
17619,544K-II,"544K-II - LOADER, FOUR-WHEEL DRIVE",544K-II Loader (PIN: 1DW544K_ _ _D677549-909519) Engine 6068HDW74 - PC15091
17773,6068HDW74,"6068HDW74 - LOADER, FOUR-WHEEL DRIVE",544K-II Loader (PIN: 1DW544K_ _ _D677549-909519) Engine 6068HDW74 - PC15091
17618,544K-II,"544K-II - LOADER, FOUR-WHEEL DRIVE",544K-II Loader (PIN: 1DW544K_ _ _F677549-909519) Engine 6068DW401 - PC15082
17707,6068DW401,"6068DW401 - LOADER, FOUR-WHEEL DRIVE",544K-II Loader (PIN: 1DW544K_ _ _F677549-909519) Engine 6068DW401 - PC15082
17627,544L,"544L - LOADER, FOUR-WHEEL DRIVE",544L Loader (PIN: 1DW544L_ _ _F693054-710429) - PC15259
17712,6068DW501,"6068DW501 - LOADER, FOUR-WHEEL DRIVE",544L Loader (PIN: 1DW544L_ _ _F693054-710429) - PC15259
16566,1070E,1070E - HARVESTER,"1070E Wheeled Harvester (S.N. 001801- ), Tier 3, Rotating and Leveling Cabin, Gen I, Engine 6068HTJ87 - PC9795"
18022,6068HTJ87,6068HTJ87 - HARVESTER,"1070E Wheeled Harvester (S.N. 001801- ), Tier 3, Rotating and Leveling Cabin, Gen I, Engine 6068HTJ87 - PC9795"
16579,1110E,1110E - FORWARDER,"1110E Forwarder (S.N. 003203-003796), Tier 3, Fixed Cabin, Engine 6068HTJ88 - PC12414"
18026,6068HTJ88,6068HTJ88 - FORWARDER,"1110E Forwarder (S.N. 003203-003796), Tier 3, Fixed Cabin, Engine 6068HTJ88 - PC12414"
16576,1110E,1110E - FORWARDER,"1110E Forwarder (S.N. 003203-003796), Tier 3, Rotating and Leveling Cabin, Gen I, Engine 6068HTJ88 - PC10321"
18023,6068HTJ88,6068HTJ88 - FORWARDER,"1110E Forwarder (S.N. 003203-003796), Tier 3, Rotating and Leveling Cabin, Gen I, Engine 6068HTJ88 - PC10321"
16609,1210E,1210E - FORWARDER,"1210E Forwarder (S.N. 001002-001518), Tier 3, Rotating and Leveling Cabin, Gen I, Engine 6068HTJ88 - PC10322"
18024,6068HTJ88,6068HTJ88 - FORWARDER,"1210E Forwarder (S.N. 001002-001518), Tier 3, Rotating and Leveling Cabin, Gen I, Engine 6068HTJ88 - PC10322"
16717,1510E,1510E - FORWARDER,"1510E Forwarder (S.N. 001504-001927), Tier 3, Rotating and Leveling Cabin, Gen I, Engine 6068HTJ88 - PC9804"
18029,6068HTJ88,6068HTJ88 - FORWARDER,"1510E Forwarder (S.N. 001504-001927), Tier 3, Rotating and Leveling Cabin, Gen I, Engine 6068HTJ88 - PC9804"
16805,210 P,210 P - EXCAVATOR,210 P Excavator (PIN: 1F9210PA_ _C000001-000236)(PIN: 1F9210PA_ _D000001-000236)(PIN: 1BZ210PA_ _C000237- )(PIN: 1BZ210PA_ _D000237- ) - PC15562
17878,6068HT069,6068HT069 - EXCAVATOR,210 P Excavator (PIN: 1F9210PA_ _C000001-000236)(PIN: 1F9210PA_ _D000001-000236)(PIN: 1BZ210PA_ _C000237- )(PIN: 1BZ210PA_ _D000237- ) - PC15562
17923,6068HT105,6068HT105 - EXCAVATOR,210 P Excavator (PIN: 1F9210PA_ _C000001-000236)(PIN: 1F9210PA_ _D000001-000236)(PIN: 1BZ210PA_ _C000237- )(PIN: 1BZ210PA_ _D000237- ) - PC15562
17930,6068HT109,6068HT109 - EXCAVATOR,210 P Excavator (PIN: 1F9210PA_ _C000001-000236)(PIN: 1F9210PA_ _D000001-000236)(PIN: 1BZ210PA_ _C000237- )(PIN: 1BZ210PA_ _D000237- ) - PC15562
17932,6068HT112,6068HT112 - EXCAVATOR,210 P Excavator (PIN: 1F9210PA_ _C000001-000236)(PIN: 1F9210PA_ _D000001-000236)(PIN: 1BZ210PA_ _C000237- )(PIN: 1BZ210PA_ _D000237- ) - PC15562
17941,6068HT129,6068HT129 - EXCAVATOR,210 P Excavator (PIN: 1F9210PA_ _C000001-000236)(PIN: 1F9210PA_ _D000001-000236)(PIN: 1BZ210PA_ _C000237- )(PIN: 1BZ210PA_ _D000237- ) - PC15562
174756,210P,210P - EXCAVATOR,210 P Excavator (PIN: 1F9210PA_ _C000001-000236)(PIN: 1F9210PA_ _D000001-000236)(PIN: 1BZ210PA_ _C000237- )(PIN: 1BZ210PA_ _D000237- ) - PC15562
16809,210GLC,210GLC - EXCAVATOR,210G and 210GLC Excavators (PIN:1F9210GX_ _C520001- )(PIN:1F9210GX_ _D520001- ) - PC11221
16812,210G,210G - EXCAVATOR,210G and 210GLC Excavators (PIN:1F9210GX_ _C520001- )(PIN:1F9210GX_ _D520001- ) - PC11221
17922,6068HT105,6068HT105 - EXCAVATOR,210G and 210GLC Excavators (PIN:1F9210GX_ _C520001- )(PIN:1F9210GX_ _D520001- ) - PC11221
17928,6068HT109,6068HT109 - EXCAVATOR,210G and 210GLC Excavators (PIN:1F9210GX_ _C520001- )(PIN:1F9210GX_ _D520001- ) - PC11221
17931,6068HT112,6068HT112 - EXCAVATOR,210G and 210GLC Excavators (PIN:1F9210GX_ _C520001- )(PIN:1F9210GX_ _D520001- ) - PC11221
174874,6068HT069,6068HT069 - EXCAVATOR,210G and 210GLC Excavators (PIN:1F9210GX_ _C520001- )(PIN:1F9210GX_ _D520001- ) - PC11221
174877,6068HT129,6068HT129 - EXCAVATOR,210G and 210GLC Excavators (PIN:1F9210GX_ _C520001- )(PIN:1F9210GX_ _D520001- ) - PC11221
16808,210GLC,210GLC - EXCAVATOR,210G and 210GLC Excavators(PIN:1FF210GX_ _C520001- )(PIN:1FF210GX_ _D520001-526766) - PC10255
16811,210G,210G - EXCAVATOR,210G and 210GLC Excavators(PIN:1FF210GX_ _C520001- )(PIN:1FF210GX_ _D520001-526766) - PC10255
17877,6068HT069,6068HT069 - EXCAVATOR,210G and 210GLC Excavators(PIN:1FF210GX_ _C520001- )(PIN:1FF210GX_ _D520001-526766) - PC10255
17899,6068HT085,6068HT085 - EXCAVATOR,210G and 210GLC Excavators(PIN:1FF210GX_ _C520001- )(PIN:1FF210GX_ _D520001-526766) - PC10255
17920,6068HT104,6068HT104 - EXCAVATOR,210G and 210GLC Excavators(PIN:1FF210GX_ _C520001- )(PIN:1FF210GX_ _D520001-526766) - PC10255
17921,6068HT105,6068HT105 - EXCAVATOR,210G and 210GLC Excavators(PIN:1FF210GX_ _C520001- )(PIN:1FF210GX_ _D520001-526766) - PC10255
17927,6068HT109,6068HT109 - EXCAVATOR,210G and 210GLC Excavators(PIN:1FF210GX_ _C520001- )(PIN:1FF210GX_ _D520001-526766) - PC10255
174875,6068HT111,6068HT111 - EXCAVATOR,210G and 210GLC Excavators(PIN:1FF210GX_ _C520001- )(PIN:1FF210GX_ _D520001-526766) - PC10255
16814,2144G,2144G - EXCAVATOR,2144G Excavator (PIN:1F92144G_ _D210001-210370)(PIN: 1BZ2144G_ _D210371- ) - PC15151
17929,6068HT109,6068HT109 - EXCAVATOR,2144G Excavator (PIN:1F92144G_ _D210001-210370)(PIN: 1BZ2144G_ _D210371- ) - PC15151
16816,2154GLC,2154GLC - EXCAVATOR,2154G and 2154GLC Forestry Excavator (PIN: 1FF2154G_ _D212001-212699)(PIN: 1FF2154G_ _C212001-212699) - PC15061
16818,2154G,2154G - EXCAVATOR,2154G and 2154GLC Forestry Excavator (PIN: 1FF2154G_ _D212001-212699)(PIN: 1FF2154G_ _C212001-212699) - PC15061
17935,6068HT121,6068HT121 - EXCAVATOR,2154G and 2154GLC Forestry Excavator (PIN: 1FF2154G_ _D212001-212699)(PIN: 1FF2154G_ _C212001-212699) - PC15061
17942,6068HT130,6068HT130 - EXCAVATOR,2154G and 2154GLC Forestry Excavator (PIN: 1FF2154G_ _D212001-212699)(PIN: 1FF2154G_ _C212001-212699) - PC15061
173680,2154GLC,2154GLC - EXCAVATOR,2154G and 2154GLC Forestry Excavator (PIN: 1FF2154G_ _D212700- )(PIN: 1FF2154G_ _C212700- ) - PC15551
173682,2154G,2154G - EXCAVATOR,2154G and 2154GLC Forestry Excavator (PIN: 1FF2154G_ _D212700- )(PIN: 1FF2154G_ _C212700- ) - PC15551
173696,6068HT121,6068HT121 - EXCAVATOR,2154G and 2154GLC Forestry Excavator (PIN: 1FF2154G_ _D212700- )(PIN: 1FF2154G_ _C212700- ) - PC15551
173704,6090HT002,6090HT002 - EXCAVATOR,2154G and 2154GLC Forestry Excavator (PIN: 1FF2154G_ _D212700- )(PIN: 1FF2154G_ _C212700- ) - PC15551
16820,2156GLC,"2156GLC - LOADER, LOG",2156G and 2156GLC Log Loader (PIN: 1FF2156G_ _D216001-216464)(PIN: 1FF2156G_ _C216001-216464) - PC15062
16822,2156G,"2156G - LOADER, LOG",2156G and 2156GLC Log Loader (PIN: 1FF2156G_ _D216001-216464)(PIN: 1FF2156G_ _C216001-216464) - PC15062
17936,6068HT121,"6068HT121 - LOADER, LOG",2156G and 2156GLC Log Loader (PIN: 1FF2156G_ _D216001-216464)(PIN: 1FF2156G_ _C216001-216464) - PC15062
17945,6068HT130,"6068HT130 - LOADER, LOG",2156G and 2156GLC Log Loader (PIN: 1FF2156G_ _D216001-216464)(PIN: 1FF2156G_ _C216001-216464) - PC15062
173684,2156GLC,"2156GLC - LOADER, LOG",2156G and 2156GLC Log Loader (PIN: 1FF2156G_ _D216465- )(PIN: 1FF2156G_ _C216465- ) - PC15553
173686,2156G,"2156G - LOADER, LOG",2156G and 2156GLC Log Loader (PIN: 1FF2156G_ _D216465- )(PIN: 1FF2156G_ _C216465- ) - PC15553
173697,6068HT121,"6068HT121 - LOADER, LOG",2156G and 2156GLC Log Loader (PIN: 1FF2156G_ _D216465- )(PIN: 1FF2156G_ _C216465- ) - PC15553
173708,6090HT002,"6090HT002 - LOADER, LOG",2156G and 2156GLC Log Loader (PIN: 1FF2156G_ _D216465- )(PIN: 1FF2156G_ _C216465- ) - PC15553
16840,240DLC,240DLC - EXCAVATOR,240DLC Excavator (PIN: 1FF240DX_ _D605001- ) - PC9543
17859,6068HT061,6068HT061 - EXCAVATOR,240DLC Excavator (PIN: 1FF240DX_ _D605001- ) - PC9543
17892,6068HT082,6068HT082 - EXCAVATOR,240DLC Excavator (PIN: 1FF240DX_ _D605001- ) - PC9543
16851,2454D,2454D - EXCAVATOR LOGGER,2454D Forestry Swing Machine (PIN: 1FF2454D_ _D240001 - D240324) - PC10051
17880,6068HT070,6068HT070 - EXCAVATOR LOGGER,2454D Forestry Swing Machine (PIN: 1FF2454D_ _D240001 - D240324) - PC10051
17895,6068HT082,6068HT082 - EXCAVATOR LOGGER,2454D Forestry Swing Machine (PIN: 1FF2454D_ _D240001 - D240324) - PC10051
16862,250 P,250 P - EXCAVATOR,250 P Excavator (PIN: 1F9250PA_ _C000001-000018 )(PIN: 1F9250PA_ _D000001-000018)(PIN: 1BZ250PA_ _C000019- )(PIN: 1BZ250PA_ _D000019- ) - PC15563
17861,6068HT062,6068HT062 - EXCAVATOR,250 P Excavator (PIN: 1F9250PA_ _C000001-000018 )(PIN: 1F9250PA_ _D000001-000018)(PIN: 1BZ250PA_ _C000019- )(PIN: 1BZ250PA_ _D000019- ) - PC15563
17891,6068HT082,6068HT082 - EXCAVATOR,250 P Excavator (PIN: 1F9250PA_ _C000001-000018 )(PIN: 1F9250PA_ _D000001-000018)(PIN: 1BZ250PA_ _C000019- )(PIN: 1BZ250PA_ _D000019- ) - PC15563
174759,250P,250P - EXCAVATOR,250 P Excavator (PIN: 1F9250PA_ _C000001-000018 )(PIN: 1F9250PA_ _D000001-000018)(PIN: 1BZ250PA_ _C000019- )(PIN: 1BZ250PA_ _D000019- ) - PC15563
16871,250GLC,250GLC - EXCAVATOR,"250GLC Excavator (PIN: 1F9250GX_ _C608001- )(PIN: 1F9250GX_ _D608001- )(Engine:6068HT082-RE559031, 6068HT062-RE559032) - PC11223"
17860,6068HT062,6068HT062 - EXCAVATOR,"250GLC Excavator (PIN: 1F9250GX_ _C608001- )(PIN: 1F9250GX_ _D608001- )(Engine:6068HT082-RE559031, 6068HT062-RE559032) - PC11223"
17890,6068HT082,6068HT082 - EXCAVATOR,"250GLC Excavator (PIN: 1F9250GX_ _C608001- )(PIN: 1F9250GX_ _D608001- )(Engine:6068HT082-RE559031, 6068HT062-RE559032) - PC11223"
16870,250GLC,250GLC - EXCAVATOR,250GLC Excavator (PIN: 1FF250GX_ _D608001-610549)(Engine 6068HT082 and 6068HT062) - PC10217
17888,6068HT082,6068HT082 - EXCAVATOR,250GLC Excavator (PIN: 1FF250GX_ _D608001-610549)(Engine 6068HT082 and 6068HT062) - PC10217
173688,2654GLC,2654GLC - EXCAVATOR,2654G and 2654GLC Forestry Excavator (PIN: 1FF2654G_ _D260275- )(PIN: 1FF2654G_ _C260275- ) - PC15555
173690,2654G,2654G - EXCAVATOR,2654G and 2654GLC Forestry Excavator (PIN: 1FF2654G_ _D260275- )(PIN: 1FF2654G_ _C260275- ) - PC15555
173699,6068HT122,6068HT122 - EXCAVATOR,2654G and 2654GLC Forestry Excavator (PIN: 1FF2654G_ _D260275- )(PIN: 1FF2654G_ _C260275- ) - PC15555
173706,6090HT002,6090HT002 - EXCAVATOR,2654G and 2654GLC Forestry Excavator (PIN: 1FF2654G_ _D260275- )(PIN: 1FF2654G_ _C260275- ) - PC15555
16887,2654G,2654G - FORESTRY SWING MACHINE,2654G Forestry Swing Machine (PIN: 1FF2654G_ _D260001-260274)(PIN: 1FF2654G_ _C260001-260274) - PC15063
17937,6068HT122,6068HT122 - FORESTRY SWING MACHINE,2654G Forestry Swing Machine (PIN: 1FF2654G_ _D260001-260274)(PIN: 1FF2654G_ _C260001-260274) - PC15063
17943,6068HT130,6068HT130 - FORESTRY SWING MACHINE,2654G Forestry Swing Machine (PIN: 1FF2654G_ _D260001-260274)(PIN: 1FF2654G_ _C260001-260274) - PC15063
173692,2656GLC,"2656GLC - LOADER, LOG",2656G and 2656GLC Log Loader (PIN: 1FF2656G_ _D266365- )(PIN: 1FF2656G_ _C266365- ) - PC15557
173694,2656G,"2656G - LOADER, LOG",2656G and 2656GLC Log Loader (PIN: 1FF2656G_ _D266365- )(PIN: 1FF2656G_ _C266365- ) - PC15557
173700,6068HT122,"6068HT122 - LOADER, LOG",2656G and 2656GLC Log Loader (PIN: 1FF2656G_ _D266365- )(PIN: 1FF2656G_ _C266365- ) - PC15557
173710,6090HT002,"6090HT002 - LOADER, LOG",2656G and 2656GLC Log Loader (PIN: 1FF2656G_ _D266365- )(PIN: 1FF2656G_ _C266365- ) - PC15557
16889,2656G,2656G - FORESTRY SWING MACHINE,2656G Forestry Swing Machine (PIN: 1FF2656G_ _D266001-266364)(PIN: 1FF2656G_ _C266001-266364) - PC15064
17938,6068HT122,6068HT122 - FORESTRY SWING MACHINE,2656G Forestry Swing Machine (PIN: 1FF2656G_ _D266001-266364)(PIN: 1FF2656G_ _C266001-266364) - PC15064
17944,6068HT130,6068HT130 - FORESTRY SWING MACHINE,2656G Forestry Swing Machine (PIN: 1FF2656G_ _D266001-266364)(PIN: 1FF2656G_ _C266001-266364) - PC15064
16895,270DLC,270DLC - EXCAVATOR,270DLC Excavator (PIN: 1FF270DX_ _D703001- ) - PC9544
17862,6068HT062,6068HT062 - EXCAVATOR,270DLC Excavator (PIN: 1FF270DX_ _D703001- ) - PC9544
17893,6068HT082,6068HT082 - EXCAVATOR,270DLC Excavator (PIN: 1FF270DX_ _D703001- ) - PC9544
16899,290GLC,290GLC - EXCAVATOR,290GLC Excavator (PIN: 1FF290GX_ _C705001-706644)(Engine 6068HT082 and 6068HT062) - PC10218
17889,6068HT082,6068HT082 - EXCAVATOR,290GLC Excavator (PIN: 1FF290GX_ _C705001-706644)(Engine 6068HT082 and 6068HT062) - PC10218
16900,2954D,2954D - EXCAVATOR LOGGER,2954D Forestry Swing Machine (PIN: 1FF2954D_ _D290001 - D290255) - PC10012
17879,6068HT070,6068HT070 - EXCAVATOR LOGGER,2954D Forestry Swing Machine (PIN: 1FF2954D_ _D290001 - D290255) - PC10012
17894,6068HT082,6068HT082 - EXCAVATOR LOGGER,2954D Forestry Swing Machine (PIN: 1FF2954D_ _D290001 - D290255) - PC10012
173854,524 P,"524 P - LOADER, FOUR-WHEEL DRIVE",524 P 4WD Loader (PIN: 1BZ524PA_ _D_00001- ) - PC15590
174071,6068HBZ06,"6068HBZ06 - LOADER, FOUR-WHEEL DRIVE",524 P 4WD Loader (PIN: 1BZ524PA_ _D_00001- ) - PC15590
174073,6068HDW74,"6068HDW74 - LOADER, FOUR-WHEEL DRIVE",524 P 4WD Loader (PIN: 1BZ524PA_ _D_00001- ) - PC15590
17579,524K-II,"524K-II - LOADER, FOUR-WHEEL DRIVE","524K-II Loader (PIN: 1BZ524KA_ _D001001-004924) Engine 6068HDW74, 6068HBZ06 - PC15135"
17723,6068HBZ06,"6068HBZ06 - LOADER, FOUR-WHEEL DRIVE","524K-II Loader (PIN: 1BZ524KA_ _D001001-004924) Engine 6068HDW74, 6068HBZ06 - PC15135"
17774,6068HDW74,"6068HDW74 - LOADER, FOUR-WHEEL DRIVE","524K-II Loader (PIN: 1BZ524KA_ _D001001-004924) Engine 6068HDW74, 6068HBZ06 - PC15135"
173855,544 P,"544 P - LOADER, FOUR-WHEEL DRIVE",544 P 4WD Loader (PIN: 1BZ544PA_ _D_00001- ) - PC15591
174072,6068HBZ06,"6068HBZ06 - LOADER, FOUR-WHEEL DRIVE",544 P 4WD Loader (PIN: 1BZ544PA_ _D_00001- ) - PC15591
174074,6068HDW74,"6068HDW74 - LOADER, FOUR-WHEEL DRIVE",544 P 4WD Loader (PIN: 1BZ544PA_ _D_00001- ) - PC15591
17620,544K-II,"544K-II - LOADER, FOUR-WHEEL DRIVE","544K-II Loader (PIN: 1BZ544KA_ _D001001-909519) Engine 6068HDW74, 6068HBZ06 - PC15136"
17724,6068HBZ06,"6068HBZ06 - LOADER, FOUR-WHEEL DRIVE","544K-II Loader (PIN: 1BZ544KA_ _D001001-909519) Engine 6068HDW74, 6068HBZ06 - PC15136"
17775,6068HDW74,"6068HDW74 - LOADER, FOUR-WHEEL DRIVE","544K-II Loader (PIN: 1BZ544KA_ _D001001-909519) Engine 6068HDW74, 6068HBZ06 - PC15136"
173856,624 P,"624 P - LOADER, FOUR-WHEEL DRIVE",624 P 4WD Loader (PIN: 1BZ624PA_ _ _ _00001- ) - PC15592
174075,6068HDW79,"6068HDW79 - LOADER, FOUR-WHEEL DRIVE",624 P 4WD Loader (PIN: 1BZ624PA_ _ _ _00001- ) - PC15592
174076,6068HDW83,"6068HDW83 - LOADER, FOUR-WHEEL DRIVE",624 P 4WD Loader (PIN: 1BZ624PA_ _ _ _00001- ) - PC15592
17757,6068HDW67,"6068HDW67 - LOADER, FOUR-WHEEL DRIVE",624J Loader (S.N. 611797- ) - PC10029
18627,624J,"624J - LOADER, FOUR-WHEEL DRIVE",624J Loader (S.N. 611797- ) - PC10029
17796,6068HDW79,"6068HDW79 - LOADER, FOUR-WHEEL DRIVE","624K Loader (PIN: 1BZ624K_ _ _C000001- )(PIN: 1BZ624K_ _ _D000001- )Engine 6068HDW83, 6068HDW79 - PC11265"
17809,6068HDW83,"6068HDW83 - LOADER, FOUR-WHEEL DRIVE","624K Loader (PIN: 1BZ624K_ _ _C000001- )(PIN: 1BZ624K_ _ _D000001- )Engine 6068HDW83, 6068HDW79 - PC11265"
18638,624K,"624K - LOADER, FOUR-WHEEL DRIVE","624K Loader (PIN: 1BZ624K_ _ _C000001- )(PIN: 1BZ624K_ _ _D000001- )Engine 6068HDW83, 6068HDW79 - PC11265"
17795,6068HDW79,"6068HDW79 - LOADER, FOUR-WHEEL DRIVE","624K Loader (PIN: 1DW624K_ _ _D658065-677548)(PIN: 1DW624K_ _ _C658065-677548) Engine 6068HDW79, 6068HDW83 - PC11251"
17807,6068HDW83,"6068HDW83 - LOADER, FOUR-WHEEL DRIVE","624K Loader (PIN: 1DW624K_ _ _D658065-677548)(PIN: 1DW624K_ _ _C658065-677548) Engine 6068HDW79, 6068HDW83 - PC11251"
18636,624K,"624K - LOADER, FOUR-WHEEL DRIVE","624K Loader (PIN: 1DW624K_ _ _D658065-677548)(PIN: 1DW624K_ _ _C658065-677548) Engine 6068HDW79, 6068HDW83 - PC11251"
17793,6068HDW79,"6068HDW79 - LOADER, FOUR-WHEEL DRIVE","624K Loader (S.N. -642634)(Engine 6068HDW79,6068HDW83) - PC10058"
17803,6068HDW83,"6068HDW83 - LOADER, FOUR-WHEEL DRIVE","624K Loader (S.N. -642634)(Engine 6068HDW79,6068HDW83) - PC10058"
18633,624K,"624K - LOADER, FOUR-WHEEL DRIVE","624K Loader (S.N. -642634)(Engine 6068HDW79,6068HDW83) - PC10058"
17794,6068HDW79,"6068HDW79 - LOADER, FOUR-WHEEL DRIVE","624K Loader (S.N. 642635-658064) Engine 6068HDW79, 6068HDW83 - PC11106"
17806,6068HDW83,"6068HDW83 - LOADER, FOUR-WHEEL DRIVE","624K Loader (S.N. 642635-658064) Engine 6068HDW79, 6068HDW83 - PC11106"
18634,624K,"624K - LOADER, FOUR-WHEEL DRIVE","624K Loader (S.N. 642635-658064) Engine 6068HDW79, 6068HDW83 - PC11106"
17798,6068HDW79,"6068HDW79 - LOADER, FOUR-WHEEL DRIVE","624K-II Loader (PIN: 1BZ624KA_ _C001001-002415)(PIN: 1BZ624KA_ _D001001- ) Engine 6068HDW83, 6068HDW79 - PC15137"
17812,6068HDW83,"6068HDW83 - LOADER, FOUR-WHEEL DRIVE","624K-II Loader (PIN: 1BZ624KA_ _C001001-002415)(PIN: 1BZ624KA_ _D001001- ) Engine 6068HDW83, 6068HDW79 - PC15137"
18631,624K-II,"624K-II - LOADER, FOUR-WHEEL DRIVE","624K-II Loader (PIN: 1BZ624KA_ _C001001-002415)(PIN: 1BZ624KA_ _D001001- ) Engine 6068HDW83, 6068HDW79 - PC15137"
17797,6068HDW79,"6068HDW79 - LOADER, FOUR-WHEEL DRIVE","624K-II Loader (PIN: 1DW624K_ _ _D677549-692849)(PIN: 1DW624K_ _ _C677549- ) Engine 6068HDW83, 6068HDW79 - PC15092"
17811,6068HDW83,"6068HDW83 - LOADER, FOUR-WHEEL DRIVE","624K-II Loader (PIN: 1DW624K_ _ _D677549-692849)(PIN: 1DW624K_ _ _C677549- ) Engine 6068HDW83, 6068HDW79 - PC15092"
18630,624K-II,"624K-II - LOADER, FOUR-WHEEL DRIVE","624K-II Loader (PIN: 1DW624K_ _ _D677549-692849)(PIN: 1DW624K_ _ _C677549- ) Engine 6068HDW83, 6068HDW79 - PC15092"
17763,6068HDW73,"6068HDW73 - LOADER, FOUR-WHEEL DRIVE",624KR Loader - PC10059
18632,624KR,"624KR - LOADER, FOUR-WHEEL DRIVE",624KR Loader - PC10059
17905,6068HT087,6068HT087 - EXCAVATOR,"E240 Excavator (PIN: 1YNE24AL_ _C500201- )(PIN: 1YNE24AL_ _D500178- )(Engine: 6068HXU01, 6068HT087) - PC11375"
18051,6068HXU01,6068HXU01 - EXCAVATOR,"E240 Excavator (PIN: 1YNE24AL_ _C500201- )(PIN: 1YNE24AL_ _D500178- )(Engine: 6068HXU01, 6068HT087) - PC11375"
19418,E240,E240 - EXCAVATOR,"E240 Excavator (PIN: 1YNE24AL_ _C500201- )(PIN: 1YNE24AL_ _D500178- )(Engine: 6068HXU01, 6068HT087) - PC11375"
18053,6068HXU01,6068HXU01 - EXCAVATOR,E240 Excavator (PIN: 1YNE24B_ _ _C000001- )(PIN: 1YNE24B_ _ _D000001- ) - PC15287
18056,6068HXU08,6068HXU08 - EXCAVATOR,E240 Excavator (PIN: 1YNE24B_ _ _C000001- )(PIN: 1YNE24B_ _ _D000001- ) - PC15287
19419,E240,E240 - EXCAVATOR,E240 Excavator (PIN: 1YNE24B_ _ _C000001- )(PIN: 1YNE24B_ _ _D000001- ) - PC15287
18054,6068HXU01,6068HXU01 - EXCAVATOR,E260 Excavator (PIN: 1YNE26B_ _ _C000001- )(PIN: 1YNE26B_ _ _D000001- ) - PC15289
18057,6068HXU08,6068HXU08 - EXCAVATOR,E260 Excavator (PIN: 1YNE26B_ _ _C000001- )(PIN: 1YNE26B_ _ _D000001- ) - PC15289
19421,E260,E260 - EXCAVATOR,E260 Excavator (PIN: 1YNE26B_ _ _C000001- )(PIN: 1YNE26B_ _ _D000001- ) - PC15289
17906,6068HT087,6068HT087 - EXCAVATOR,"E260LC Excavator (PIN: 1YNE26AL_ _C500201- )(PIN: 1YNE26AL_ _ D500201- )(Engine: 6068HXU01, 6068HT087) - PC11376"
18052,6068HXU01,6068HXU01 - EXCAVATOR,"E260LC Excavator (PIN: 1YNE26AL_ _C500201- )(PIN: 1YNE26AL_ _ D500201- )(Engine: 6068HXU01, 6068HT087) - PC11376"
19420,E260LC,E260LC - EXCAVATOR,"E260LC Excavator (PIN: 1YNE26AL_ _C500201- )(PIN: 1YNE26AL_ _ D500201- )(Engine: 6068HXU01, 6068HT087) - PC11376"
18055,6068HXU01,6068HXU01 - EXCAVATOR,E300II Excavator (PIN: 1YNE30B_ _ _C000001- )(PIN:1YNE30B_ _ _D000001- ) - PC15410
18058,6068HXU08,6068HXU08 - EXCAVATOR,E300II Excavator (PIN: 1YNE30B_ _ _C000001- )(PIN:1YNE30B_ _ _D000001- ) - PC15410
19422,E300II,E300II - EXCAVATOR,E300II Excavator (PIN: 1YNE30B_ _ _C000001- )(PIN:1YNE30B_ _ _D000001- ) - PC15410
17904,6068HT087,6068HT087 - EXCAVATOR,"E300LC Excavator (PIN: 1YNE30AL_ _C600002- )(PIN:1YNE30AL_ _D600014- )(Engine: 6068HXU01, 6068HT087) - PC11217"
18050,6068HXU01,6068HXU01 - EXCAVATOR,"E300LC Excavator (PIN: 1YNE30AL_ _C600002- )(PIN:1YNE30AL_ _D600014- )(Engine: 6068HXU01, 6068HT087) - PC11217"
19423,E300LC,E300LC - EXCAVATOR,"E300LC Excavator (PIN: 1YNE30AL_ _C600002- )(PIN:1YNE30AL_ _D600014- )(Engine: 6068HXU01, 6068HT087) - PC11217"
1926,6.8 L,6.8 L - ENGINE,PowerTech Plus 6.8L 6068HF485 Tier 3 OEM Engine - PC9436
1999,6.8L,6.8L - ENGINE,PowerTech Plus 6.8L 6068HF485 Tier 3 OEM Engine - PC9436
2093,6068HF485,6068HF485 - ENGINE,PowerTech Plus 6.8L 6068HF485 Tier 3 OEM Engine - PC9436
2171,6068,6068 - ENGINE,PowerTech Plus 6.8L 6068HF485 Tier 3 OEM Engine - PC9436
1914,6.8 L,6.8 L - ENGINE,PowerTech Plus 6.8L 6068HFG85 Gen Set Engine (6068 Tier 3) - PC11482
1987,6.8L,6.8L - ENGINE,PowerTech Plus 6.8L 6068HFG85 Gen Set Engine (6068 Tier 3) - PC11482
2110,6068HFG85,6068HFG85 - ENGINE,PowerTech Plus 6.8L 6068HFG85 Gen Set Engine (6068 Tier 3) - PC11482
2160,6068,6068 - ENGINE,PowerTech Plus 6.8L 6068HFG85 Gen Set Engine (6068 Tier 3) - PC11482
17672,6.8 L,"6.8 L - ENGINE, POWERTECH",PowerTech Plus 6.8L 6068HT087 (6068 Tier 3) Engines - PC10677
17673,6.8 L,"6.8 L - ENGINE, POWERTECH PLUS",PowerTech Plus 6.8L 6068HT087 (6068 Tier 3) Engines - PC10677
17674,6.8L,"6.8L - ENGINE, POWERTECH",PowerTech Plus 6.8L 6068HT087 (6068 Tier 3) Engines - PC10677
17675,6.8L,"6.8L - ENGINE, POWERTECH PLUS",PowerTech Plus 6.8L 6068HT087 (6068 Tier 3) Engines - PC10677
17902,6068HT087,"6068HT087 - ENGINE, POWERTECH",PowerTech Plus 6.8L 6068HT087 (6068 Tier 3) Engines - PC10677
17903,6068HT087,"6068HT087 - ENGINE, POWERTECH PLUS",PowerTech Plus 6.8L 6068HT087 (6068 Tier 3) Engines - PC10677
18095,6068,"6068 - ENGINE, POWERTECH",PowerTech Plus 6.8L 6068HT087 (6068 Tier 3) Engines - PC10677
18096,6068,"6068 - ENGINE, POWERTECH PLUS",PowerTech Plus 6.8L 6068HT087 (6068 Tier 3) Engines - PC10677
175051,210 P,210 P - ENGINE,Test Catalog - 210 P Excavator - PC16957
175052,210 P,210 P - EXCAVATOR,Test Catalog - 210 P Excavator - PC16957
175053,210P,210P - ENGINE,Test Catalog - 210 P Excavator - PC16957
175054,210P,210P - EXCAVATOR,Test Catalog - 210 P Excavator - PC16957
175055,6068HT069,6068HT069 - ENGINE,Test Catalog - 210 P Excavator - PC16957
175056,6068HT069,6068HT069 - EXCAVATOR,Test Catalog - 210 P Excavator - PC16957
175057,6068HT109,6068HT109 - ENGINE,Test Catalog - 210 P Excavator - PC16957
175058,6068HT109,6068HT109 - EXCAVATOR,Test Catalog - 210 P Excavator - PC16957
175059,6068HT112,6068HT112 - ENGINE,Test Catalog - 210 P Excavator - PC16957
175060,6068HT112,6068HT112 - EXCAVATOR,Test Catalog - 210 P Excavator - PC16957
175061,6068HT129,6068HT129 - ENGINE,Test Catalog - 210 P Excavator - PC16957
175062,6068HT129,6068HT129 - EXCAVATOR,Test Catalog - 210 P Excavator - PC16957
175063,TEST,TEST - ENGINE,Test Catalog - 210 P Excavator - PC16957
175064,TEST,TEST - EXCAVATOR,Test Catalog - 210 P Excavator - PC16957
